{
	"pattrstorage" : 	{
		"name" : "params",
		"slots" : 		{
			"1" : 			{
				"id" : 1,
				"data" : 				{
					"enable_timbre" : [  ],
					"live.dial" : [ 1.0 ],
					"live.dial[10]" : [ 0.000500250125062 ],
					"live.dial[11]" : [ 0.001500750375187 ],
					"live.dial[12]" : [ 0.763779527559053 ],
					"live.dial[13]" : [ 0.000000000000001 ],
					"live.dial[14]" : [ 0.104761904761905 ],
					"live.dial[15]" : [ 1.001000500250125 ],
					"live.dial[16]" : [ 0.001000500250125 ],
					"live.dial[17]" : [ -2.645669221878052 ],
					"live.dial[18]" : [ 0.666980862617493 ],
					"live.dial[19]" : [ 1.0 ],
					"live.dial[1]" : [ 0.0 ],
					"live.dial[20]" : [ 2.078740157480315 ],
					"live.dial[21]" : [ -0.431192660550459 ],
					"live.dial[22]" : [ 1.015748031496063 ],
					"live.dial[23]" : [ -0.087510764598846 ],
					"live.dial[24]" : [ -0.063690990209579 ],
					"live.dial[25]" : [ 0.237166717648506 ],
					"live.dial[26]" : [ 0.307074308395386 ],
					"live.dial[27]" : [ -0.039213087409735 ],
					"live.dial[28]" : [ -0.858267724514008 ],
					"live.dial[29]" : [ 0.858267741409813 ],
					"live.dial[2]" : [ 0.001000500250125 ],
					"live.dial[3]" : [ 1.001000500250125 ],
					"live.dial[4]" : [ 0.001000500250125 ],
					"live.dial[5]" : [ 1.001000500250125 ],
					"live.dial[6]" : [ 0.000500250125062 ],
					"live.dial[7]" : [ 0.001000500250125 ],
					"live.dial[8]" : [ 1.001000500250125 ],
					"live.dial[9]" : [ 0.000500250125062 ],
					"live.gain~" : [ 0.772526552101983 ],
					"live.gain~[1]" : [ -7.82677173614502 ],
					"live.numbox" : [ 0.0 ],
					"live.numbox[10]" : [ 4.0 ],
					"live.numbox[11]" : [ 1.0 ],
					"live.numbox[12]" : [ 10.0 ],
					"live.numbox[13]" : [ 8.0 ],
					"live.numbox[1]" : [ 0.0 ],
					"live.numbox[2]" : [ 0.0 ],
					"live.numbox[3]" : [ 0.0 ],
					"live.numbox[4]" : [ 485.203478699954303 ],
					"live.numbox[5]" : [ 0.707371936284904 ],
					"live.numbox[6]" : [ 1714.285714285714221 ],
					"live.numbox[7]" : [ 1000.0 ],
					"live.numbox[8]" : [ -417.322834645667911 ],
					"live.numbox[9]" : [ 92.87982177734375 ],
					"live.tab[1]" : [ 0.0 ],
					"live.tab[2]" : [ 0.0 ],
					"live.tab[3]" : [ 1.0 ],
					"live.tab[4]" : [ 2.0 ],
					"live.text" : [ 0.0 ],
					"live.text[1]" : [ 0.0 ],
					"live.text[2]" : [ 0.0 ],
					"live.text[3]" : [ 0.0 ],
					"live.text[4]" : [ 0.0 ],
					"live.text[5]" : [ 0.0 ],
					"live.text[6]" : [ 0.0 ],
					"live.text[7]" : [ 0.0 ],
					"live.toggle" : [ 0.0 ],
					"live.toggle[1]" : [ 0.0 ],
					"live.toggle[2]" : [ 1.0 ],
					"live.toggle[5]" : [ 0.0 ],
					"live.toggle[6]" : [ 0.0 ],
					"main_plot" : [ 40, 70 ],
					"model_props" : [  ]
				}

			}

		}

	}

}
